{
  "version": 1,
  "author": "Anonymous maker",
  "editor": "wokwi",
  "parts": [
    { "type": "wokwi-arduino-uno", "id": "uno", "top": 0, "left": 0, "attrs": {} },
    { "type": "wokwi-ir-remote", "id": "remote1", "top": 256.58, "left": -84.28, "attrs": {} },
    { "type": "wokwi-ir-receiver", "id": "ir1", "top": -79.88, "left": 372.68, "attrs": {} },
    {
      "type": "wokwi-lcd1602",
      "id": "lcd2",
      "top": 295.91,
      "left": 294.45,
      "attrs": { "pins": "i2c" }
    }
  ],
  "connections": [
    [ "ir1:DAT", "uno:2", "green", [ "v0" ] ],
    [ "uno:5V", "lcd2:VCC", "red", [ "v0" ] ],
    [ "uno:5V", "ir1:VCC", "red", [ "v32.46", "h248.64", "v-220.14", "h-2.72" ] ],
    [ "uno:GND.2", "lcd2:GND", "black", [ "v0" ] ],
    [ "uno:GND.2", "ir1:GND", "black", [ "v0" ] ],
    [ "uno:A4", "lcd2:SDA", "green", [ "v0" ] ],
    [ "uno:A5", "lcd2:SCL", "green", [ "v0" ] ]
  ],
  "dependencies": {}
}