{
  "version": 1,
  "author": "Anonymous maker",
  "editor": "wokwi",
  "parts": [
    { "type": "wokwi-arduino-uno", "id": "uno", "top": -62.8, "left": -222.66, "attrs": {} },
    {
      "type": "wokwi-lcd1602",
      "id": "lcd1",
      "top": 227.74,
      "left": -198.6,
      "attrs": { "pins": "i2c" }
    },
    { "type": "wokwi-hc-sr04", "id": "ultrasonic1", "top": -204.5, "left": 171.2, "attrs": {} }
  ],
  "connections": [
    [ "uno:GND.2", "lcd1:GND", "black", [ "v0" ] ],
    [ "lcd1:VCC", "uno:5V", "red", [ "h-57.82", "v-140.54" ] ],
    [ "ultrasonic1:VCC", "uno:5V", "red", [ "v0" ] ],
    [ "lcd1:SDA", "uno:A4", "green", [ "h-129.99", "v-150.04" ] ],
    [ "lcd1:SCL", "uno:A5", "green", [ "h-142.43", "v-159.54" ] ],
    [ "uno:GND.3", "ultrasonic1:GND", "black", [ "v0" ] ],
    [ "uno:3", "ultrasonic1:TRIG", "green", [ "v0" ] ],
    [ "uno:2", "ultrasonic1:ECHO", "green", [ "v0" ] ]
  ],
  "dependencies": {}
}