{
  "version": 1,
  "author": "Anonymous maker",
  "editor": "wokwi",
  "parts": [
    { "type": "wokwi-arduino-uno", "id": "uno", "top": -137.66, "left": -209.16, "attrs": {} },
    {
      "type": "wokwi-lcd1602",
      "id": "lcd1",
      "top": 222.03,
      "left": -115.97,
      "attrs": { "pins": "i2c" }
    },
    {
      "type": "wokwi-membrane-keypad",
      "id": "keypad1",
      "top": -229.17,
      "left": 268.29,
      "attrs": {}
    },
    { "type": "wokwi-servo", "id": "servo1", "top": -272.92, "left": 79.13, "attrs": {} }
  ],
  "connections": [
    [ "servo1:GND", "uno:GND.1", "black", [ "h0" ] ],
    [ "servo1:V+", "uno:5V", "green", [ "h0" ] ],
    [ "servo1:PWM", "uno:11", "green", [ "h0" ] ],
    [ "keypad1:R1", "uno:5", "green", [ "v0" ] ],
    [ "uno:4", "keypad1:R2", "green", [ "v0" ] ],
    [ "keypad1:R3", "uno:3", "green", [ "v0" ] ],
    [ "uno:2", "keypad1:R4", "green", [ "v0" ] ],
    [ "keypad1:C1", "uno:A3", "green", [ "v0" ] ],
    [ "keypad1:C2", "uno:A2", "green", [ "v0" ] ],
    [ "uno:A1", "keypad1:C3", "green", [ "v0" ] ],
    [ "keypad1:C4", "uno:A0", "green", [ "v0" ] ],
    [ "uno:A5", "lcd1:SCL", "green", [ "v0" ] ],
    [ "lcd1:SDA", "uno:A4", "green", [ "h0" ] ],
    [ "lcd1:VCC", "uno:5V", "red", [ "h0" ] ],
    [ "lcd1:GND", "uno:GND.2", "black", [ "h0" ] ]
  ],
  "dependencies": {}
}