{
  "version": 1,
  "author": "Anonymous maker",
  "editor": "wokwi",
  "parts": [
    { "type": "wokwi-arduino-uno", "id": "uno", "top": 31.81, "left": 57.91, "attrs": {} },
    {
      "type": "wokwi-pushbutton",
      "id": "btn1",
      "top": 98.5,
      "left": 379.1,
      "attrs": { "color": "green" }
    },
    {
      "type": "wokwi-led",
      "id": "led1",
      "top": -124.43,
      "left": 280.89,
      "attrs": { "color": "red" }
    },
    {
      "type": "wokwi-resistor",
      "id": "r1",
      "top": -60.3,
      "left": 218.12,
      "attrs": { "value": "1000" }
    },
    {
      "type": "wokwi-resistor",
      "id": "r2",
      "top": -97.83,
      "left": 383.69,
      "attrs": { "value": "1000" }
    }
  ],
  "connections": [
    [ "r1:1", "uno:12", "green", [ "h-24.54", "v95.46" ] ],
    [ "r1:2", "led1:A", "green", [ "v0" ] ],
    [ "btn1:1.l", "uno:5V", "green", [ "v192.12", "h-187.31" ] ],
    [ "led1:C", "r2:1", "green", [ "v0" ] ],
    [ "r2:1", "uno:GND.1", "green", [ "v0" ] ],
    [ "r2:2", "btn1:1.r", "green", [ "v0" ] ],
    [ "btn1:2.r", "uno:7", "green", [ "h0" ] ]
  ],
  "dependencies": {}
}