{
  "version": 1,
  "author": "Anonymous maker",
  "editor": "wokwi",
  "parts": [
    { "type": "wokwi-arduino-uno", "id": "uno", "top": -12.09, "left": 89.45, "attrs": {} },
    {
      "type": "wokwi-dht22",
      "id": "dht1",
      "top": -212.22,
      "left": 146.35,
      "attrs": { "humidity": "49", "temperature": "32.6" }
    },
    {
      "type": "wokwi-photoresistor-sensor",
      "id": "ldr1",
      "top": -80.82,
      "left": -46.5,
      "attrs": {}
    },
    { "type": "wokwi-rgb-led", "id": "rgb1", "top": -167.69, "left": 260.78, "attrs": {} },
    { "type": "wokwi-ds1307", "id": "rtc1", "top": 382.37, "left": 399.52, "attrs": {} },
    {
      "type": "wokwi-lcd2004",
      "id": "lcd2",
      "top": 207.74,
      "left": 391.19,
      "attrs": { "pins": "i2c" }
    }
  ],
  "connections": [
    [ "dht1:GND", "uno:GND.1", "black", [ "v20.11", "h-46.67" ] ],
    [ "dht1:SDA", "uno:2", "green", [ "v38.36", "h155.1" ] ],
    [ "dht1:VCC", "uno:5V", "red", [ "v293.3", "h21.61" ] ],
    [ "rgb1:B", "uno:5", "blue", [ "v0" ] ],
    [ "rgb1:G", "uno:6", "green", [ "v0" ] ],
    [ "rgb1:R", "uno:7", "purple", [ "h-0.98", "v99.42", "h10.15" ] ],
    [ "ldr1:VCC", "uno:5V", "red", [ "h19.98", "v50.86", "h-105.58", "v246.12", "h209.55" ] ],
    [ "ldr1:GND", "uno:GND.1", "black", [ "h0" ] ],
    [ "ldr1:DO", "uno:1", "green", [ "h0" ] ],
    [ "rtc1:GND", "uno:GND.3", "black", [ "h0" ] ],
    [ "rtc1:5V", "uno:5V", "red", [ "h0" ] ],
    [ "rtc1:SDA", "uno:A4", "green", [ "h0" ] ],
    [ "rtc1:SCL", "uno:A5", "green", [ "h0" ] ],
    [ "rgb1:COM", "uno:5V", "green", [ "v41.28", "h107.3", "v286.05", "h-137.13" ] ],
    [ "lcd2:GND", "uno:GND.3", "black", [ "h0" ] ],
    [ "lcd2:VCC", "uno:5V", "red", [ "h0" ] ],
    [ "lcd2:SDA", "uno:A4", "green", [ "h0" ] ],
    [ "lcd2:SCL", "uno:A5", "blue", [ "h0" ] ]
  ],
  "dependencies": {}
}