{
  "version": 1,
  "author": "Ivan Ryzhykh",
  "editor": "wokwi",
  "parts": [
    { "type": "wokwi-arduino-uno", "id": "uno", "top": 0, "left": 0, "attrs": {} },
    {
      "type": "wokwi-pir-motion-sensor",
      "id": "pir1",
      "top": -157.59,
      "left": 180.99,
      "attrs": {}
    },
    {
      "type": "wokwi-led",
      "id": "led1",
      "top": -94.66,
      "left": 104.33,
      "attrs": { "color": "red" }
    },
    {
      "type": "wokwi-buzzer",
      "id": "bz1",
      "top": -191.46,
      "left": 23.93,
      "attrs": { "volume": "0.1" }
    },
    {
      "type": "board-ssd1306",
      "id": "oled1",
      "top": 249.96,
      "left": 156.39,
      "attrs": { "i2cAddress": "0x3c" }
    }
  ],
  "connections": [
    [ "led1:C", "uno:GND.1", "green", [ "v46.73", "h-2.33" ] ],
    [ "led1:A", "uno:13", "green", [ "v24.06", "h-4.33" ] ],
    [ "uno:GND.1", "pir1:GND", "black", [ "v-22.93", "h107.5" ] ],
    [ "pir1:VCC", "uno:5V", "red", [ "v10.06", "h-51.93" ] ],
    [ "pir1:OUT", "uno:2", "green", [ "v32.73", "h18.33" ] ],
    [ "bz1:1", "uno:GND.1", "green", [ "v20.2", "h32.07", "v71.99", "h32.5" ] ],
    [ "bz1:2", "uno:3", "green", [ "v82.86", "h165.4" ] ],
    [ "oled1:GND", "uno:GND.2", "black", [ "v-27.02", "h-20.89" ] ],
    [ "oled1:VCC", "uno:5V", "red", [ "v-33.02", "h-43.67" ] ],
    [ "oled1:SCL", "uno:A5", "green", [ "v-55.02", "h42.21" ] ],
    [ "oled1:SDA", "uno:A4", "green", [ "v-45.69", "h19.71" ] ]
  ],
  "dependencies": {}
}