{
  "version": 1,
  "author": "w w",
  "editor": "wokwi",
  "parts": [
    { "type": "wokwi-arduino-uno", "id": "uno", "top": 11.06, "left": -44.94, "attrs": {} },
    {
      "type": "wokwi-analog-joystick",
      "id": "joystick1",
      "top": 432.71,
      "left": 120.96,
      "attrs": {}
    },
    {
      "type": "wokwi-buzzer",
      "id": "bz1",
      "top": 59.55,
      "left": 426.68,
      "attrs": { "volume": "0.1" }
    },
    {
      "type": "wokwi-ssd1306",
      "id": "ssd1306",
      "top": 303.4,
      "left": -19.74,
      "attrs": { "i2c-address": "0x3D" }
    }
  ],
  "connections": [
    [ "bz1:1", "uno:3", "green", [ "v-115.18", "h-274.58" ] ],
    [ "bz1:2", "uno:5V", "green", [ "v131.27", "h-350.58" ] ],
    [ "joystick1:VCC", "uno:5V", "red", [ "v0" ] ],
    [ "joystick1:VERT", "uno:A0", "green", [ "v0" ] ],
    [ "joystick1:HORZ", "uno:A1", "green", [ "v0" ] ],
    [ "joystick1:SEL", "uno:2", "green", [ "v0" ] ],
    [ "joystick1:GND", "uno:GND.3", "black", [ "v0" ] ],
    [ "ssd1306:DATA", "uno:A4", "green", [ "v0" ] ],
    [ "ssd1306:CLK", "uno:A5", "green", [ "v0" ] ],
    [ "ssd1306:VIN", "uno:5V", "red", [ "v0" ] ],
    [ "ssd1306:GND", "uno:GND.3", "black", [ "v0" ] ],
    [ "ssd1306:RST", "uno:4", "green", [ "v0" ] ]
  ],
  "dependencies": {}
}