{
  "version": 1,
  "author": "Anonymous maker",
  "editor": "wokwi",
  "parts": [
    { "type": "wokwi-arduino-uno", "id": "uno", "top": 263.28, "left": -3.49, "attrs": {} },
    {
      "type": "wokwi-led",
      "id": "led1",
      "top": -84.62,
      "left": 400.15,
      "attrs": { "color": "red" }
    },
    {
      "type": "wokwi-led",
      "id": "led2",
      "top": -122.84,
      "left": 54.57,
      "attrs": { "color": "red", "flip": "" }
    },
    {
      "type": "wokwi-led",
      "id": "led3",
      "top": -21.84,
      "left": 397.05,
      "attrs": { "color": "yellow" }
    },
    {
      "type": "wokwi-led",
      "id": "led4",
      "top": -57.74,
      "left": 58.6,
      "attrs": { "color": "yellow" }
    },
    {
      "type": "wokwi-led",
      "id": "led5",
      "top": 24.96,
      "left": 398.97,
      "attrs": { "color": "limegreen" }
    },
    {
      "type": "wokwi-led",
      "id": "led6",
      "top": 4.11,
      "left": 59.22,
      "attrs": { "color": "limegreen" }
    },
    {
      "type": "wokwi-resistor",
      "id": "r1",
      "top": -60.23,
      "left": 525.24,
      "attrs": { "value": "1000" }
    },
    {
      "type": "wokwi-resistor",
      "id": "r2",
      "top": -28.98,
      "left": 527.22,
      "attrs": { "value": "1000" }
    },
    {
      "type": "wokwi-resistor",
      "id": "r3",
      "top": 9.88,
      "left": 533.04,
      "attrs": { "value": "1000" }
    },
    {
      "type": "wokwi-resistor",
      "id": "r4",
      "top": -30.81,
      "left": 115.56,
      "attrs": { "value": "1000" }
    },
    {
      "type": "wokwi-resistor",
      "id": "r5",
      "top": 24.13,
      "left": 141.12,
      "attrs": { "value": "1000" }
    },
    {
      "type": "wokwi-resistor",
      "id": "r6",
      "top": 53.69,
      "left": 140.93,
      "attrs": { "value": "1000" }
    },
    {
      "type": "wokwi-resistor",
      "id": "r7",
      "top": 107.2,
      "left": 275.44,
      "attrs": { "value": "1000" }
    },
    {
      "type": "wokwi-resistor",
      "id": "r8",
      "top": 192.27,
      "left": 283.75,
      "attrs": { "value": "1000" }
    },
    {
      "type": "wokwi-pushbutton",
      "id": "btn1",
      "top": 151.39,
      "left": 381.63,
      "attrs": { "color": "green" }
    },
    {
      "type": "wokwi-pushbutton",
      "id": "btn2",
      "top": 139.95,
      "left": 62.32,
      "attrs": { "color": "green" }
    },
    { "type": "wokwi-gnd", "id": "gnd1", "top": 102.01, "left": 64.38, "attrs": {} },
    { "type": "wokwi-gnd", "id": "gnd2", "top": 53.16, "left": -67.26, "attrs": {} },
    { "type": "wokwi-gnd", "id": "gnd3", "top": -8.9, "left": -9.72, "attrs": {} },
    { "type": "wokwi-gnd", "id": "gnd4", "top": -60.82, "left": -51.52, "attrs": {} },
    { "type": "wokwi-gnd", "id": "gnd5", "top": 85.45, "left": 404.67, "attrs": {} }
  ],
  "connections": [
    [ "uno:GND.1", "gnd1:GND", "black", [ "h-64.41", "v-170.27" ] ],
    [ "r6:1", "led6:A", "green", [ "v-10.43", "h-52.22" ] ],
    [ "gnd2:GND", "led6:C", "black", [ "v0" ] ],
    [ "r5:1", "led4:A", "green", [ "v0" ] ],
    [ "led4:C", "gnd3:GND", "green", [ "v0" ] ],
    [ "r4:1", "led2:A", "green", [ "v0" ] ],
    [ "gnd4:GND", "led2:C", "black", [ "v0" ] ],
    [ "r6:2", "uno:0", "green", [ "v0" ] ],
    [ "r5:2", "uno:1", "green", [ "v0" ] ],
    [ "r4:2", "uno:2", "green", [ "v0" ] ],
    [ "btn2:1.l", "uno:3", "green", [ "h0" ] ],
    [ "r8:1", "btn2:1.r", "green", [ "v0" ] ],
    [ "r8:2", "r7:2", "green", [ "v0" ] ],
    [ "r3:2", "uno:10", "green", [ "v0" ] ],
    [ "r3:1", "led5:A", "green", [ "v0" ] ],
    [ "gnd5:GND", "led5:C", "black", [ "v0" ] ],
    [ "r2:2", "uno:11", "green", [ "v0" ] ],
    [ "r2:1", "led3:A", "green", [ "v0" ] ],
    [ "led3:C", "gnd3:GND", "green", [ "v-15.53", "h-411.57" ] ],
    [ "r1:2", "uno:12", "green", [ "v0" ] ],
    [ "r1:1", "led1:A", "green", [ "v0" ] ],
    [ "led1:C", "gnd4:GND", "green", [ "v0" ] ],
    [ "btn2:2.r", "btn1:2.r", "green", [ "h0" ] ],
    [ "uno:13", "btn1:1.l", "green", [ "v0" ] ],
    [ "btn1:1.r", "r7:1", "green", [ "v0" ] ],
    [ "btn1:2.l", "uno:5V", "green", [ "h0" ] ]
  ],
  "dependencies": {}
}