{
  "version": 1,
  "author": "Anonymous maker",
  "editor": "wokwi",
  "parts": [
    { "type": "wokwi-arduino-uno", "id": "uno", "top": 168.19, "left": -93.42, "attrs": {} },
    {
      "type": "wokwi-led",
      "id": "led1",
      "top": -216.76,
      "left": 231.76,
      "attrs": { "color": "green" }
    },
    {
      "type": "wokwi-led",
      "id": "led2",
      "top": -229.13,
      "left": 185.16,
      "attrs": { "color": "blue" }
    },
    {
      "type": "wokwi-led",
      "id": "led3",
      "top": -243.46,
      "left": 139.54,
      "attrs": { "color": "yellow" }
    },
    {
      "type": "wokwi-led",
      "id": "led4",
      "top": -246.13,
      "left": 101.08,
      "attrs": { "color": "orange" }
    },
    {
      "type": "wokwi-led",
      "id": "led5",
      "top": -257.62,
      "left": 55.47,
      "attrs": { "color": "purple" }
    },
    {
      "type": "wokwi-resistor",
      "id": "r1",
      "top": -58.47,
      "left": 271.63,
      "attrs": { "value": "1000" }
    },
    {
      "type": "wokwi-resistor",
      "id": "r2",
      "top": -55.73,
      "left": 166.59,
      "attrs": { "value": "1000" }
    },
    {
      "type": "wokwi-resistor",
      "id": "r3",
      "top": -24.78,
      "left": 66.28,
      "attrs": { "value": "1000" }
    },
    {
      "type": "wokwi-resistor",
      "id": "r4",
      "top": -16.25,
      "left": -39.37,
      "attrs": { "value": "1000" }
    },
    {
      "type": "wokwi-resistor",
      "id": "r5",
      "top": -32.25,
      "left": -166.36,
      "attrs": { "value": "1000" }
    }
  ],
  "connections": [
    [ "r1:1", "uno:6", "green", [ "v0" ] ],
    [ "r2:1", "uno:5", "green", [ "v0" ] ],
    [ "r3:1", "uno:4", "green", [ "v0" ] ],
    [ "r4:1", "uno:3", "green", [ "v0" ] ],
    [ "r5:1", "uno:2", "green", [ "v0" ] ],
    [ "r1:2", "led5:A", "green", [ "v0" ] ],
    [ "r2:2", "led4:A", "green", [ "v0" ] ],
    [ "r3:2", "led3:A", "green", [ "v0" ] ],
    [ "r4:2", "led2:A", "green", [ "v0" ] ],
    [ "r5:2", "led1:A", "green", [ "v0" ] ],
    [ "led5:C", "uno:GND.1", "green", [ "v0" ] ],
    [ "led4:C", "uno:GND.1", "green", [ "v0" ] ],
    [ "led3:C", "uno:GND.1", "green", [ "v0" ] ],
    [ "led2:C", "uno:GND.1", "green", [ "v0" ] ],
    [ "led1:C", "uno:GND.1", "green", [ "v0" ] ]
  ],
  "dependencies": {}
}