{
  "version": 1,
  "author": "Anonymous maker",
  "editor": "wokwi",
  "parts": [
    { "type": "wokwi-arduino-uno", "id": "uno", "top": -0.67, "left": -52.67, "attrs": {} },
    {
      "type": "wokwi-hc-sr04",
      "id": "ultrasonic1",
      "top": -34.62,
      "left": 245.4,
      "attrs": { "distance": "107" }
    },
    {
      "type": "wokwi-lcd1602",
      "id": "lcd1",
      "top": 238.14,
      "left": 43.1,
      "attrs": { "pins": "i2c" }
    },
    {
      "type": "wokwi-rgb-led",
      "id": "rgb1",
      "top": -116.49,
      "left": 93.38,
      "attrs": { "common": "cathode" }
    },
    {
      "type": "wokwi-buzzer",
      "id": "bz1",
      "top": -155.1,
      "left": -22.86,
      "attrs": { "volume": "0.1" }
    }
  ],
  "connections": [
    [ "uno:3", "ultrasonic1:TRIG", "green", [ "v83.17", "h148.6" ] ],
    [ "uno:2", "ultrasonic1:ECHO", "black", [ "v0" ] ],
    [ "ultrasonic1:GND", "uno:GND.3", "blue", [ "v0" ] ],
    [ "lcd1:GND", "uno:GND.2", "#8f4814", [ "h-45.69", "v-79.31" ] ],
    [ "lcd1:SDA", "uno:A4", "green", [ "h-71.97", "v-61.43", "h51.55" ] ],
    [ "lcd1:SCL", "uno:A5", "green", [ "h-25.52", "v-63.91", "h160.02", "v-4.71", "h39.67" ] ],
    [ "lcd1:VCC", "ultrasonic1:VCC", "red", [ "h-13.58", "v-67.29", "h291.03" ] ],
    [ "rgb1:R", "uno:10", "red", [ "v0" ] ],
    [ "rgb1:G", "uno:9", "green", [ "v48.1", "h-7.35" ] ],
    [ "rgb1:B", "uno:8", "blue", [ "v58.83", "h-7.18" ] ],
    [ "rgb1:COM", "uno:GND.1", "black", [ "v26.1", "h-46.93" ] ],
    [ "bz1:1", "uno:GND.1", "green", [ "v64.38", "h40.11" ] ],
    [ "bz1:2", "uno:11", "green", [ "v21.46", "h69.88" ] ]
  ],
  "dependencies": {}
}